"id","en","es","ru"
"(Discard) I don't like the image but it will suffice for now.\nShe had been a military chaplain during the war but then was ""demoted""\nduring one of the incidents involving human trafficking.\nFormer lover of the Masked Man and one of the members of the Board of Directors.","(Discard) I don't like the image but it will suffice for now.\nShe had been a military chaplain during the war but then was ""demoted""\nduring one of the incidents involving human trafficking.\nFormer lover of the Masked Man and one of the members of the Board of Directors.","(Descartar) No me gusta la imagen pero será suficiente por ahora.\nHabía sido capellán militar durante la guerra pero luego fue ""degradada""\ndurante uno de los incidentes relacionados con la trata de personas.\nEx amante del Enmascarado y uno de los miembros de la Junta Directiva.","(Сбросить) Изображение мне не нравится, но пока хватит.\nВо время войны она была военным капелланом, но затем была «понижена в должности»\nво время одного из инцидентов, связанных с торговлей людьми.\nБывшая возлюбленная Человека в маске и один из членов совета директоров."
"+ CREATE NEW SAVE","+ CREATE NEW SAVE","+ CREAR NUEVO GUARDAR","+ СОЗДАТЬ НОВОЕ СОХРАНЕНИЕ"
"10/24/2026 14:00\n","10/24/2026 14:00\n","24/10/2026 14:00","24.10.2026 14:00"
"2m","2m","2m","2м"
"3D assets are created by Lucas Andres Manzoni\nhttps://www.behance.net/lucasandresmanzoni","3D assets are created by Lucas Andres Manzoni\nhttps://www.behance.net/lucasandresmanzoni","Los recursos 3D son creados por Lucas Andres Manzoni\nhttps://www.behance.net/lucasandresmanzoni","3D-активы созданы Лукасом Андресом Манцони\nhttps://www.behance.net/lucasandresmanzoni"
"3D assets are created by Lucas Andres Manzoni\nhttps://www.behance.net/lucasandresmanzoni\n-----\nSounds\nGerard Velez @gerard_98\n-----\nSome dude - DannyDeTour","3D assets are created by Lucas Andres Manzoni\nhttps://www.behance.net/lucasandresmanzoni\n-----\nSounds\nGerard Velez @gerard_98\n-----\nSome dude - DannyDeTour","Los recursos 3D son creados por Lucas Andres Manzoni\nhttps://www.behance.net/lucasandresmanzoni\n-----\nSonidos\nGerard Velez @gerard_98\n-----\nUn tipo - DannyDeTour","3D-объекты созданы Лукасом Андресом Манцони\nhttps://www.behance.net/lucasandresmanzoni\n-----\nЗвуки\nДжерард Велес @gerard_98\n-----\nКакой-то чувак - DannyDeTour"
"A level containing all gameplay mechanics and effects.\n\nThis is where you can find all the gameplay mechanics and effects","A level containing all gameplay mechanics and effects.\n\nThis is where you can find all the gameplay mechanics and effects","Un nivel que contiene todas las mecánicas y efectos del juego.\n\nAquí es donde puedes encontrar todas las mecánicas y efectos del juego.","Уровень, содержащий всю игровую механику и эффекты.\n\nЗдесь вы найдете всю игровую механику и эффекты."
"A midway stop.\nImagine that I have collectibles here.\nPrenty of cookies. ","A midway stop.\nImagine that I have collectibles here.\nPrenty of cookies. ","Una parada a mitad de camino.\nImagina que tengo objetos coleccionables aquí.\nUn montón de galletas.","Остановка на полпути.\nПредставьте, что у меня здесь есть предметы коллекционирования.\nМного печенья."
"A more realistic rendition of our big boy. ","A more realistic rendition of our big boy. ","Una interpretación más realista de nuestro gran chico.","Более реалистичная версия нашего большого мальчика."
"A shotgun?!\nYes. It. Is\n","A shotgun?!\nYes. It. Is\n","¡¿Una escopeta?!\nSí. Él. Es","Ружье?!\nДа. Это. Это"
"A simple level with first visuals.\n\nA simple level with first visuals. ","A simple level with first visuals.\n\nA simple level with first visuals. ","Un nivel simple con primeras imágenes.\n\nUn nivel simple con las primeras imágenes.","Простой уровень с первой графикой.\n\nПростой уровень с первой графикой."
"A small physics puzzle -\nwanna go up? find the box! (or just activate noclip.\n It's a testbed, not a monastery)","A small physics puzzle -\nwanna go up? find the box! (or just activate noclip.\n It's a testbed, not a monastery)","Un pequeño rompecabezas de física:\n¿quieres subir? encuentra la caja! (o simplemente active noclip.\nEs un banco de pruebas, no un monasterio)","Небольшая головоломка по физике –\nхочешь подняться? найди коробку! (или просто активируйте noclip.\nЭто испытательный стенд, а не монастырь)"
"AccesibilitySFX Volume","AccesibilitySFX Volume","AccesibilidadVolumen SFX","Громкость специальных возможностейSFX"
"Accessibility","Accessibility","Accesibilidad","Доступность"
"Accessible Label","Accessible Label","Etiqueta accesible","Доступная этикетка"
"Action","Action","Acción","Действие"
"Aditional Photography by Rian Johnson","Aditional Photography by Rian Johnson","Fotografía adicional de Rian Johnson","Дополнительные фотографии Райана Джонсона"
"Advanced reflection","Advanced reflection","Reflexión avanzada","Расширенное отражение"
"Aim Assist","Aim Assist","Asistencia de puntería","Помощь при прицеливании"
"Aim Assist Amount","Aim Assist Amount","Cantidad de asistencia de puntería","Сумма помощи при прицеливании"
"Alright, FINE! Here is some text\nflying in the air in the middle of nothing.\nAre you happy now? You made me go all this way to write it\ninstead of adding cool new weapons and shit.\nSHAME ON YOU! SHAME!a","Alright, FINE! Here is some text\nflying in the air in the middle of nothing.\nAre you happy now? You made me go all this way to write it\ninstead of adding cool new weapons and shit.\nSHAME ON YOU! SHAME!a","Muy bien, ¡BIEN! Aquí hay un texto\nvolando en el aire en medio de la nada.\n¿Estás feliz ahora? Me hiciste llegar hasta aquí para escribirlo\nen lugar de agregar nuevas armas geniales y esas cosas.\n¡Qué vergüenza! ¡VERGÜENZA!","Хорошо, ХОРОШО! Вот какой-то текст\nлетает в воздухе посреди ничего.\nТеперь ты счастлив? Вы заставили меня пройти весь этот путь, чтобы написать это\nвместо того, чтобы добавлять новое крутое оружие и прочее.\nПОЗОР ВАМ! ПОЗОР!а"
"Always block the most\nobvious path.\nDon't use the same direction twice.\nMove forward, backward,\nleft, right, up and down.\nDon't be repetitive!\n","Always block the most\nobvious path.\nDon't use the same direction twice.\nMove forward, backward,\nleft, right, up and down.\nDon't be repetitive!\n","Bloquea siempre el camino más\nobvio.\nNo uses la misma dirección dos veces.\nAvanzar, retroceder,\nizquierda, derecha, arriba y abajo.\n¡No seas repetitivo!","Всегда блокируйте наиболее\nочевидный путь.\nНе используйте одно и то же направление дважды.\nДвигайтесь вперед, назад,\nвлево, вправо, вверх и вниз.\nНе повторяйтесь!"
"Ambient Occlusion (SSAO)","Ambient Occlusion (SSAO)","Oclusión ambiental (SSAO)","Окружающая окклюзия (SSAO)"
"Ambient Volume","Ambient Volume","Volumen ambiental","Окружающая громкость"
"Anisotropy","Anisotropy","Anisotropía","Анизотропия"
"Another little LD spiral.\nThere can be spirals\n within spirals or loops, etc.","Another little LD spiral.\nThere can be spirals\n within spirals or loops, etc.","Otra pequeña espiral de LD.\nPuede haber espirales\ndentro de espirales o bucles, etc.","Еще одна маленькая спираль LD.\nВнутри спиралей или петель могут быть спирали\nи т. д."
"Anti-Aliasing","Anti-Aliasing","Antialiasing","Сглаживание"
"Assets are made by Lucas Manzoni @luanmanz on Fiverr","Assets are made by Lucas Manzoni @luanmanz on Fiverr","Los activos están hechos por Lucas Manzoni @luanmanz en Fiverr","Ресурсы созданы Лукасом Манцони @luanmanz на Fiverr."
"Audio","Audio","Audio","Аудио"
"Auto Tune","Auto Tune","Sintonización automática","Автонастройка"
"Back","Back","Atrás","Назад"
"Back to Hell","Back to Hell","Volver al infierno","Назад в ад"
"Back to Main Menu","Back to Main Menu","Volver al menú principal","Вернуться в главное меню"
"Background Mode","Background Mode","Modo de fondo","Фоновый режим"
"Bella Bittersweet: Tunnel Vision","Bella Bittersweet: Tunnel Vision","Bella Agridulce: Visión de Túnel","Белла Биттерсвит: Туннельное видение"
"Brightness","Brightness","Brillo","Яркость"
"Button test to ensure that\nit's not frustrating when\nseveral objects are located\nclose to each other.","Button test to ensure that\nit's not frustrating when\nseveral objects are located\nclose to each other.","Prueba de botón para garantizar que\nno sea frustrante cuando\nvarios objetos se encuentran\ncerca uno del otro.","Проверьте кнопку, чтобы убедиться, что\nвас не раздражает, когда\nнесколько объектов расположены\nблизко друг к другу."
"CTRL to crouch","CTRL to crouch","CTRL para agacharse","CTRL, чтобы присесть"
"CTRL to crouch.\nThese stairs are as smooth as a smooth jazz.\ntu-tu-tu-too-too-bam-bam-PARA-PARA-PARA-PARA-BOOOM!\nSMOOTH JAZZ!!!","CTRL to crouch.\nThese stairs are as smooth as a smooth jazz.\ntu-tu-tu-too-too-bam-bam-PARA-PARA-PARA-PARA-BOOOM!\nSMOOTH JAZZ!!!","CTRL para agacharte.\nEstas escaleras son tan suaves como un jazz suave.\ntu-tu-tu-también-bam-bam-PARA-PARA-PARA-PARA-BOOOM!\n¡¡¡JAZZ SUAVE!!!","CTRL, чтобы присесть.\nЭта лестница гладкая, как мягкий джаз.\nту-ту-ту-тоо-тоо-бам-бам-ПАРА-ПАРА-ПАРА-ПАРА-БУУМ!\nГЛАДКИЙ ДЖАЗ!!!"
"Cancel Crouch on Jump","Cancel Crouch on Jump","Cancelar Agacharse al saltar","Отменить приседание при прыжке"
"Chapter Name","Chapter Name","Nombre del capítulo","Название главы"
"Checkpoint","Checkpoint","Control","Контрольно-пропускной пункт"
"Click or Press Enter / Space to Start","Click or Press Enter / Space to Start","Haga clic o presione Entrar / Espacio para comenzar","Нажмите или нажмите Enter/Пробел, чтобы начать."
"Clues Color","Clues Color","Pistas Color","Цвет подсказок"
"Collisions Off","Collisions Off","Colisiones desactivadas","Столкновения выключены"
"Colorblind Mode","Colorblind Mode","Modo daltónico","Режим дальтонизма"
"Consulted by Sweet Baby Inc","Consulted by Sweet Baby Inc","Consultado por Sweet Baby Inc.","Консультации Sweet Baby Inc."
"Continue","Continue","Continuar","Продолжить"
"Contrast","Contrast","Contraste","Контраст"
"Controls","Controls","Controles","Элементы управления"
"Controls / Input","Controls / Input","Controles / Entrada","Элементы управления/Ввод"
"Cover Color","Cover Color","Color de la cubierta","Цвет крышки"
"Cross-Universal Mail Service's (the company Bella worked for) mascot named\nHugh G. Pecker III.\nTheir motto: We Always Come Fast!","Cross-Universal Mail Service's (the company Bella worked for) mascot named\nHugh G. Pecker III.\nTheir motto: We Always Come Fast!","La mascota de Cross-Universal Mail Service (la empresa para la que trabajaba Bella) se llama\nHugh G. Pecker III.\nSu lema: ¡Siempre llegamos rápido!","Талисман Cross-Universal Mail Service (компании, в которой работала Белла) по имени\nХью Г. Пекер III.\nИх девиз: Мы всегда приходим быстро!"
"Cut to pieces","Cut to pieces","Cortar en pedazos","Разрезать на куски"
"DIE!","DIE!","¡MUERE!","УМРИ!"
"DRONE is up ahead","DRONE is up ahead","DRONE está más adelante","ДРОН впереди"
"Damn it feels good to be a gangsta!\nKeypad works","Damn it feels good to be a gangsta!\nKeypad works","¡Maldita sea, se siente bien ser un gangsta!\nEl teclado funciona","Черт, как приятно быть гангстером!\nКлавиатура работает"
"Debanding","Debanding","Desbandar","Дебандирование"
"Debug Mode","Debug Mode","Modo depuración","Режим отладки"
"Delete","Delete","Borrar","Удалить"
"Depth of Field","Depth of Field","Profundidad de campo","Глубина резкости"
"Difficulty","Difficulty","Dificultad","Сложность"
"Directed by Hideo Kojima","Directed by Hideo Kojima","Dirigida por Hideo Kojima","Режиссер Хидео Кодзима"
"Directed by Hideo Kojima\nWritten by Neil Druckmann\nCo-writer - Sam Lake\nTested by Phil Fish\nHype man - Morgan Park\nAditional Photography by Rian Johnson\nConsulted by Sweet Baby Inc","Directed by Hideo Kojima\nWritten by Neil Druckmann\nCo-writer - Sam Lake\nTested by Phil Fish\nHype man - Morgan Park\nAditional Photography by Rian Johnson\nConsulted by Sweet Baby Inc","Dirigida por Hideo Kojima\nEscrito por Neil Druckmann\nCoguionista: Sam Lake\nProbado por Phil Fish\nHype man - Morgan Park\nFotografía adicional de Rian Johnson\nConsultado por Sweet Baby Inc","Режиссер Хидео Кодзима\nСценарист Нил Дракманн\nСоавтор сценария – Сэм Лэйк\nТестировал Фил Фиш\nХайпмен – Морган Парк\nДополнительные фотографии Райан Джонсон\nКонсультации Sweet Baby Inc."
"Directional Shadow Distance","Directional Shadow Distance","Distancia de sombra direccional","Направленное расстояние тени"
"Disable Sprint FOV","Disable Sprint FOV","Deshabilitar el campo de visión de Sprint","Отключить поле зрения для спринта"
"Display Mode","Display Mode","Modo de visualización","Режим отображения"
"Distinct Speaker Colors","Distinct Speaker Colors","Colores distintos de los altavoces","Разные цвета динамиков"
"Don't be afraid to jump down\nand check my Checkpoint System.\nhehehe","Don't be afraid to jump down\nand check my Checkpoint System.\nhehehe","No tengas miedo de bajar\ny ​​revisar mi sistema Checkpoint.\njejeje","Не бойтесь спрыгнуть\nи проверить мою систему контрольных точек.\nхехехе"
"Don't teleport just yet!\nCheck out my BASALT!\nAnd HEAVY BOX!!","Don't teleport just yet!\nCheck out my BASALT!\nAnd HEAVY BOX!!","¡No te teletransportes todavía!\n¡Mira mi BASALTO!\n¡¡Y CAJA PESADA!!","Не телепортируйтесь пока!\nВзгляните на мой БАЗАЛЬТ!\nИ ТЯЖЕЛАЯ КОРОБКА!!"
"Doors won't stuck!","Doors won't stuck!","¡Las puertas no se atascarán!","Двери не заклинят!"
"Dynamic Light Shadows","Dynamic Light Shadows","Sombras de luz dinámicas","Динамические световые тени"
"ENTER","ENTER","INGRESAR","ВХОДИТЬ"
"Effects from Le Lu","Effects from Le Lu","Efectos de Le Lu","Эффекты от Ле Лу"
"Enable Headbob","Enable Headbob","Activar balanceo de cámara","Включить качание головы"
"Enable Item Prompts","Enable Item Prompts","Activar avisos de objetos","Включить подсказки предметов"
"Enable Subtitles","Enable Subtitles","Habilitar subtítulos","Включить субтитры"
"Enable Tutorials","Enable Tutorials","Activar tutoriales","Включить обучение"
"Enemies Color","Enemies Color","Color de los enemigos","Цвет врагов"
"Evil goons","Evil goons","matones malvados","Злые головорезы"
"Exit","Exit","Salir","Выход"
"Exposure","Exposure","Exposición","Контакт"
"FAV","FAV","FAVORITO","ЛЮБИМОЕ"
"FSR Mode","FSR Mode","Modo FSR","Режим ФСР"
"Field of View","Field of View","Campo de visión","Поле зрения"
"Film Grain","Film Grain","Grano de película","Пленка Зерно"
"Fog","Fog","Niebla","Туман"
"Font","Font","Fuente","Шрифт"
"Font Scale","Font Scale","Escala de fuente","Масштаб шрифта"
"Friends Color","Friends Color","Color de amigos","Цвет друзей"
"Fullbright Off","Fullbright Off","Brillo total desactivado","Фулбрайт выключен"
"Gameplay","Gameplay","Jugabilidad","Геймплей"
"Gamma","Gamma","Gama","Гамма"
"Global Illumination","Global Illumination","Iluminación global","Глобальное освещение"
"Glow","Glow","Brillo","Светиться"
"Graphics","Graphics","Gráficos","Графика"
"Graphics / Video","Graphics / Video","Gráficos / Vídeo","Графика/Видео"
"HALL OF FAME\n---\nIgor Demchuk (New Game+) - moral support, playtesting and ideas\n-\nAntikranStudio - useful advice and links\nSergei Grach - improved NOCLIP\n-\nCrux The Clown - psychological help\nThe Blair Witch - she's just funny\nSam Hyde - asked for Balatro UI\n-\nMikhail Kadikov - useful advice","HALL OF FAME\n---\nIgor Demchuk (New Game+) - moral support, playtesting and ideas\n-\nAntikranStudio - useful advice and links\nSergei Grach - improved NOCLIP\n-\nCrux The Clown - psychological help\nThe Blair Witch - she's just funny\nSam Hyde - asked for Balatro UI\n-\nMikhail Kadikov - useful advice","HALL OF FAME\n---\nIgor Demchuk (Nuevo juego+) - apoyo moral, pruebas de juego e ideas\n-\nAntikranStudio - enlaces y consejos útiles\nSergei Grach - NOCLIP mejorado\n-\nCrux The Clown - ayuda psicológica\nThe Blair Witch - es simplemente divertida\nSam Hyde - preguntó por la interfaz de usuario de Balatro\n-\nMikhail Kadikov - consejo útil","ЗАЛ СЛАВЫ\n---\nИгорь Демчук (Новая игра+) - моральная поддержка, игровое тестирование и идеи\n-\nAntikranStudio - полезные советы и ссылки\nСергей Грач - улучшенный NOCLIP\n-\nCrux The Clown - психологическая помощь\nВедьма из Блер - она просто смешная\nСэм Хайд - попросил интерфейс Balatro\n-\nМихаил Кадиков - полезный совет"
"Haro, every-nyan. You now a bird.\nFine, tank u.","Haro, every-nyan. You now a bird.\nFine, tank u.","Haro, cada nyan. Ahora eres un pájaro.\nBien, tanque.","Харо, все-ня. Ты теперь птица.\nЛадно, забирай тебя."
"Heavy box test","Heavy box test","Prueba de caja pesada","Тест «Тяжелый ящик»"
"Hide UI","Hide UI","Ocultar interfaz de usuario","Скрыть пользовательский интерфейс"
"High Contrast","High Contrast","Alto contraste","Высокая контрастность"
"I almost roped myself\nwhile trying to make it work.\nIt still doesn't work well enough","I almost roped myself\nwhile trying to make it work.\nIt still doesn't work well enough","Casi me ato\nmientras intentaba hacerlo funcionar.\nTodavía no funciona lo suficientemente bien","Я чуть не связал себя веревкой\n, пытаясь заставить это работать.\nЭто по-прежнему работает недостаточно хорошо"
"I really like this place from Anti-Citizen One.\n It captivates me.\nThat's why the roof of this museum is done similarly.\nThis place is going to be in the beginning of the game","I really like this place from Anti-Citizen One.\n It captivates me.\nThat's why the roof of this museum is done similarly.\nThis place is going to be in the beginning of the game","Realmente me gusta este lugar de Anti-Citizen One.\nMe cautiva.\nPor eso el techo de este museo está hecho de manera similar.\nEste lugar estará al comienzo del juego.","Мне очень нравится это место из Антигражданина Один.\nЭто меня очаровывает.\nПоэтому крыша этого музея сделана аналогично.\nЭто место будет в начале игры."
"I'm Tarzan!","I'm Tarzan!","¡Soy Tarzán!","Я Тарзан!"
"I'm thinking of adding an upgrade system for my Bella.\nOne of them will be here. Maybe.\nWhat kind of upgrades?\nHealth, John Wick reloading animations, Doom Guy punches.\nYour ideas are welcomed.\nYou'd be able to refuse all those upgrades if you want.\nMore optional exploration is needed anyway.","I'm thinking of adding an upgrade system for my Bella.\nOne of them will be here. Maybe.\nWhat kind of upgrades?\nHealth, John Wick reloading animations, Doom Guy punches.\nYour ideas are welcomed.\nYou'd be able to refuse all those upgrades if you want.\nMore optional exploration is needed anyway.","Estoy pensando en agregar un sistema de actualización para mi Bella.\nUno de ellos estará aquí. Tal vez.\n¿Qué tipo de actualizaciones?\nSalud, animaciones de recarga de John Wick, golpes de Doom Guy.\nTus ideas son bienvenidas.\nPodrás rechazar todas esas actualizaciones si así lo deseas.\nDe todos modos, se necesita más exploración opcional.","Я подумываю добавить систему апгрейдов для моей Беллы.\nОдин из них будет здесь. Может быть.\nКакие обновления?\nЗдоровье, анимация перезарядки Джона Уика, удары Дум-Гая.\nПриветствуются ваши идеи.\nПри желании вы можете отказаться от всех этих обновлений.\nВ любом случае необходимы дополнительные дополнительные исследования."
"If the mountain will not come to Mohammed,\nthen Mohammed must go to the mountain.","If the mountain will not come to Mohammed,\nthen Mohammed must go to the mountain.","Si la montaña no viene a Mahoma,\nentonces Mahoma debe ir a la montaña.","Если гора не пойдет к Мухаммеду,\n, тогда Мухаммеду придется пойти на гору."
"Imp - one of the enemies.","Imp - one of the enemies.","Diablillo - uno de los enemigos.","Бес - один из врагов."
"Infinite Swim","Infinite Swim","Natación infinita","Бесконечное плавание"
"Interactables Color","Interactables Color","Color de los interactuables","Интерактивные предметы Цвет"
"Invert Y","Invert Y","Invertir Y","Инвертировать Y"
"Jesus tap dancing Christ! The honeymoon period is over.\nThis is where the pain begins.\nNothing works no more!\nWho called it ""Vibe Coding""? There are no vibes here. Only misery.","Jesus tap dancing Christ! The honeymoon period is over.\nThis is where the pain begins.\nNothing works no more!\nWho called it ""Vibe Coding""? There are no vibes here. Only misery.","¡Jesús claqué Cristo! El período de luna de miel ha terminado.\nAquí es donde comienza el dolor.\n¡Ya nada funciona!\n¿Quién lo llamó ""Vibe Coding""? Aquí no hay vibraciones. Sólo miseria.","Иисус, танцующий чечётку, Христос! Период медового месяца закончился.\nВот здесь и начинается боль.\nБольше ничего не работает!\nКто назвал это «Vibe Coding»? Здесь нет никаких вибраций. Только несчастье."
"Jump keep moving forward.\nThe door will open","Jump keep moving forward.\nThe door will open","Salta y sigue adelante.\nLa puerta se abrirá","Прыгайте, продолжайте двигаться вперед.\nДверь откроется"
"Just a simple dev arrow that points nowhere.\nDO NOT GO THERE!","Just a simple dev arrow that points nowhere.\nDO NOT GO THERE!","Sólo una simple flecha de desarrollo que no apunta a ninguna parte.\n¡NO VAYAS ALLÍ!","Просто простая стрелка разработчика, которая никуда не указывает.\nНЕ ХОДИТЕ СЮДА!"
"LD trick SPIRAL\nSTART and FINISH are located\n nearby but you have to\ntravel a lot in order to get\nfrom point A to B.\nWithout using noclip, find out how much time it takes to\novercome these 2cm\n(or whatever it is in your kangaroo imperial system ya filthy animals!!!)\n of wall.\n*\nOne of the coolest LD tricks I found. Hopefully you'll like it, too.","LD trick SPIRAL\nSTART and FINISH are located\n nearby but you have to\ntravel a lot in order to get\nfrom point A to B.\nWithout using noclip, find out how much time it takes to\novercome these 2cm\n(or whatever it is in your kangaroo imperial system ya filthy animals!!!)\n of wall.\n*\nOne of the coolest LD tricks I found. Hopefully you'll like it, too.","Truco LD SPIRAL\nSTART y FINISH se encuentran\ncerca, pero tienes que\nviajar mucho para llegar\ndel punto A al B.\nSin usar noclip, descubre cuánto tiempo lleva\nsuperar estos\nde 2 cm (o lo que sea que esté en tu sistema imperial canguro, sucio animales!!!)\nde la pared.\n*\nUno de los mejores trucos de LD que encontré. Esperemos que a ti también te guste.","Трюк LD СПИРАЛЬ\nСТАРТ и ФИНИШ расположены\nрядом, но вам придется\nмного путешествовать, чтобы добраться\nиз точки А в точку Б.\nНе используя noclip, узнайте, сколько времени нужно, чтобы\nпреодолеть эти 2 см\n(или что-то в вашем кенгуру, имперская система, да, грязные животные!!!)\nстены.\n*\nОдин из самых крутых трюков LD, которые я нашел. Надеюсь, вам это тоже понравится."
"Language","Language","Idioma","Язык"
"Laser Target","Laser Target","Objetivo láser","Лазерная мишень"
"Lasers and reflector","Lasers and reflector","Láseres y reflector","Лазеры и отражатель"
"Leave Feedback","Leave Feedback","Deja un comentario","Оставить отзыв"
"Little Spiral.\nSmall distance but long travel","Little Spiral.\nSmall distance but long travel","Pequeña Espiral.\nDistancias cortas pero viajes largos","Маленькая спираль.\nНебольшое расстояние, но долгое путешествие"
"Load\n","Load\n","Cargar","Загрузить"
"Load Game","Load Game","Cargar Partida","Загрузить игру"
"Load Pain","Load Pain","Dolor de carga","Нагрузка Боль"
"Master Volume","Master Volume","Volumen maestro","Основной объем"
"Matchmaking Region","Matchmaking Region","Región de emparejamiento","Регион подбора"
"Max Framerate","Max Framerate","Velocidad de fotogramas máxima","Максимальная частота кадров"
"Mesh LOD","Mesh LOD","LOD de malla","Сетка LOD"
"Metrics Off","Metrics Off","Métricas desactivadas","Метрики выключены"
"Monitor","Monitor","Monitor","Монитор"
"Monke bar","Monke bar","barra de mono","Монке бар"
"Mono Audio","Mono Audio","audio mono","Моно Аудио"
"More rain and light experiments.","More rain and light experiments.","Más experimentos de lluvia y luz.","Еще эксперименты с дождем и светом."
"Motion Blur","Motion Blur","Desenfoque de movimiento","Размытие в движении"
"Mouse Sensitivity","Mouse Sensitivity","Sensibilidad del ratón","Чувствительность мыши"
"Music Volume","Music Volume","Volumen de música","Громкость музыки"
"Mute on Focus Loss","Mute on Focus Loss","Silenciar ante pérdida de enfoque","Отключение звука при потере фокуса"
"New Game","New Game","Nueva Partida","Новая игра"
"New reference for the priestess.\nStill not enough ""My daddy was a lawyer\nand my mom was an phycho-analytic""\n vibes but plenty of ""royal"" overtones.","New reference for the priestess.\nStill not enough ""My daddy was a lawyer\nand my mom was an phycho-analytic""\n vibes but plenty of ""royal"" overtones.","Nueva referencia para la sacerdotisa.\nTodavía no hay suficientes vibraciones de ""Mi papá era abogado\ny ​​mi mamá era psicoanalítica""\n, pero sí muchos matices ""reales"".","Новая ссылка на жрицу.\nВсе еще недостаточно ""Мой папа был юристом\n, а моя мама была психоаналитиком""\nатмосфера, но много ""королевского"" подтекста."
"No Escape","No Escape","Sin escapatoria","Нет выхода"
"No Game","No Game","No hay juego","Нет игры"
"No Going Back","No Going Back","No hay vuelta atrás","Нет пути назад"
"No Options","No Options","Sin opciones","Нет вариантов"
"No, you can't squeeze in here.\n","No, you can't squeeze in here.\n","No, no puedes meterte aquí.","Нет, здесь нельзя протиснуться."
"Noclip Off","Noclip Off","Sin clip desactivado","Ноклип выключен"
"Nothing here yet.\nBut there will be\nplenty of stuff later!\nI hope...","Nothing here yet.\nBut there will be\nplenty of stuff later!\nI hope...","Nada aquí todavía.\n¡Pero habrá\nmuchas cosas más adelante!\nEspero...","Здесь пока ничего.\nНо позже будет\nмного интересного!\nНадеюсь..."
"Nowhere is Safe","Nowhere is Safe","Ningún lugar es seguro","Нигде не безопасно"
"OCEAN TEST!\nIt does work!\nNow we just need foam (done), additional\n effects (done),\nand make it loop properly (it's 100% dynamic now)\n+ make it work at 16.66ms (does work\n but you have to open a tab without the ocean)","OCEAN TEST!\nIt does work!\nNow we just need foam (done), additional\n effects (done),\nand make it loop properly (it's 100% dynamic now)\n+ make it work at 16.66ms (does work\n but you have to open a tab without the ocean)","¡PRUEBA DEL OCÉANO!\n¡Funciona!\nAhora solo necesitamos espuma (listo),\nefectos adicionales (listo),\ny ​​hacer que se repita correctamente (ahora es 100 % dinámico)\n+ hacer que funcione a 16,66 ms (funciona\npero tienes que abrir una pestaña sin el océano)","ОКЕАНСКОЕ ИСПЫТАНИЕ!\nЭто работает!\nТеперь нам нужна только пена (готово), дополнительные\nэффекты (готово),\nи заставить ее правильно зацикливаться (теперь она на 100 % динамична)\n+ заставить ее работать со скоростью 16,66 мс (работает\n, но вам придется открывать вкладку без океана)"
"Occlusion Culling","Occlusion Culling","Eliminación de oclusión","Отсечение окклюзии"
"Options","Options","Opciones","Настройки"
"Output Profile","Output Profile","Perfil de salida","Выходной профиль"
"PUZZLE: shoot some ropes and the gate will open.","PUZZLE: shoot some ropes and the gate will open.","PUZZLE: dispara unas cuerdas y la puerta se abrirá.","ЗАГАДКА: выстрелите в веревки, и ворота откроются."
"Performance","Performance","Actuación","Производительность"
"Photosensitivity Mode","Photosensitivity Mode","Modo de fotosensibilidad","Режим светочувствительности"
"Play","Play","Jugar","Играть"
"Positional Shadow Distance","Positional Shadow Distance","Distancia de sombra posicional","Позиционное расстояние тени"
"Press CTRL to Crouch","Press CTRL to Crouch","Presione CTRL para agacharse","Нажмите CTRL, чтобы присесть"
"Press F\nto turn on flashlight\n","Press F\nto turn on flashlight\n","Presiona F\npara encender la linterna","Нажмите F\n, чтобы включить фонарик"
"Press [Scan Scene Geometry] to inspect hierarchy.","Press [Scan Scene Geometry] to inspect hierarchy.","Presione [Escanear geometría de escena] para inspeccionar la jerarquía.","Нажмите [Сканировать геометрию сцены], чтобы проверить иерархию."
"Primary","Primary","Primario","Начальный"
"Procedural rain\n16 layers","Procedural rain\n16 layers","Lluvia procesal\n16 capas","Процедурный дождь\n16 слоев"
"Producers\n---\nKathleen Kennedy\nAnita Sarkeesian\nZoë Quinn\nKim Belair\n","Producers\n---\nKathleen Kennedy\nAnita Sarkeesian\nZoë Quinn\nKim Belair\n","Productores\n---\nKathleen Kennedy\nAnita Sarkeesian\nZoë Quinn\nKim Belair","Продюсеры\n---\nКэтлин Кеннеди\nАнита Саркисян\nЗои Куинн\nКим Белэр"
"Quality Preset","Quality Preset","Preajuste de calidad","Предустановка качества"
"RESET","RESET","REINICIAR","ПЕРЕЗАГРУЗИТЬ"
"Rain using standard normal maps","Rain using standard normal maps","Lluvia usando mapas normales estándar","Дождь с использованием стандартных карт нормалей"
"Reduce Motion","Reduce Motion","Reducir el movimiento","Уменьшить движение"
"Render Diagnostics Off","Render Diagnostics Off","Renderizar diagnóstico desactivado","Диагностика рендеринга выключена"
"Renderer","Renderer","renderizador","Рендерер"
"Reset","Reset","Reiniciar","Перезагрузить"
"Reset to Defaults","Reset to Defaults","Restablecer los valores predeterminados","Сброс к настройкам по умолчанию"
"Resolution","Resolution","Resolución","Разрешение"
"Resolution Scale","Resolution Scale","Escala de resolución","Масштаб разрешения"
"Restart","Restart","Reanudar","Перезапуск"
"Restart Game","Restart Game","Reiniciar","Перезапустить игру"
"Revolver Ocelot - Revolver Ocelot\nVideogames - were a mistake\nAnime - not real\nBigot Sandwich - cooking!\nForm - returned to\nBlast - having\nGaming - TIME!\n","Revolver Ocelot - Revolver Ocelot\nVideogames - were a mistake\nAnime - not real\nBigot Sandwich - cooking!\nForm - returned to\nBlast - having\nGaming - TIME!\n","Revolver Ocelot - Revolver Ocelot\nVideojuegos: fueron un error\nAnime: no es real\nBigot Sandwich: ¡cocina!\nFormulario - regresado a\nExplosión - teniendo\nJuegos - ¡TIEMPO!","Револьвер Оцелот - Револьвер Оцелот\nВидеоигры - были ошибкой\nАниме - ненастоящее\nФанатик Сэндвич - готовим!\nФорма – вернулась в\nBlast – с\nИгра – ВРЕМЯ!"
"Revolver Ocelot - Revolver Ocelot\nVideogames - were a mistake\nAnime - not real\nBigot Sandwich - cooking!\nForm - returned to\nBlast - having\nGaming - TIME!\nThe Emperor - PROTECTS!!!","Revolver Ocelot - Revolver Ocelot\nVideogames - were a mistake\nAnime - not real\nBigot Sandwich - cooking!\nForm - returned to\nBlast - having\nGaming - TIME!\nThe Emperor - PROTECTS!!!","Revolver Ocelot - Revolver Ocelot\nVideojuegos: fueron un error\nAnime: no es real\nBigot Sandwich: ¡cocina!\nFormulario - regresado a\nExplosión - teniendo\nJuegos - ¡TIEMPO!\nEl Emperador - ¡¡¡PROTEGE!!!","Револьвер Оцелот - Револьвер Оцелот\nВидеоигры - были ошибкой\nАниме - ненастоящее\nФанатик Сэндвич - готовим!\nФорма – вернулась в\nBlast – с\nИгра – ВРЕМЯ!\nИмператор - ЗАЩИЩАЕТ!!!"
"SAVE GAME","SAVE GAME","GUARDAR JUEGO","СОХРАНИТЬ ИГРУ"
"SFX Volume","SFX Volume","Volumen de efectos especiales","Объем звуковых эффектов"
"SPIRAL!\nI'm gonna terrorize you with it\n until you start seeing them everywhere","SPIRAL!\nI'm gonna terrorize you with it\n until you start seeing them everywhere","¡ESPIRAL!\nTe voy a aterrorizar con eso\nhasta que empieces a verlos por todas partes","СПИРАЛЬ!\nЯ буду терроризировать тебя этим\n, пока ты не начнешь видеть их повсюду"
"SSI","SSI","SSI","ССИ"
"Saturation","Saturation","Saturación","Насыщенность"
"Save Game","Save Game","Guardar Partida","Сохранить игру"
"Scan Scene Geometry","Scan Scene Geometry","Escanear geometría de escena","Сканировать геометрию сцены"
"Screen Space Reflections","Screen Space Reflections","Reflexiones del espacio de la pantalla","Отражения в пространстве экрана"
"Screenfilter","Screenfilter","Filtro de pantalla","Экранный фильтр"
"Secondary","Secondary","Secundario","вторичный"
"Select Level","Select Level","Seleccionar nivel","Выбрать уровень"
"Shadow Quality","Shadow Quality","Calidad de la sombra","Качество теней"
"Shadow Softness","Shadow Softness","Suavidad de las sombras","Мягкость теней"
"Shoot me!","Shoot me!","¡Dispárame!","Стреляй в меня!"
"Show Crosshair","Show Crosshair","Mostrar retícula","Показывать прицел"
"Show Speaker Names","Show Speaker Names","Mostrar nombres de oradores","Показать имена докладчиков"
"Simple Button Check","Simple Button Check","Verificación de botón simple","Простая проверка кнопок"
"Simple Reflection to see ourselves in the mirror","Simple Reflection to see ourselves in the mirror","Reflexión Sencilla para vernos en el espejo","Простое отражение, чтобы увидеть себя в зеркале"
"Simple Teleport","Simple Teleport","Teletransporte sencillo","Простой телепорт"
"Some dude - DannyDeTour","Some dude - DannyDeTour","Algún tipo - DannyDeTour","Какой-то чувак - DannyDeTour"
"Sorce-liek ladder. All the\n good stuff is retained and you can actually dismount\nit without first playing\nBethoven on your keyboard.\n*\nThat fucking ladder in Route Canal in a room\nfull of explosives and manhacks! Where you\nhave to jump on tubes. BAD LADDER! Spank!\nBut this one is good. Pats and hugs.","Sorce-liek ladder. All the\n good stuff is retained and you can actually dismount\nit without first playing\nBethoven on your keyboard.\n*\nThat fucking ladder in Route Canal in a room\nfull of explosives and manhacks! Where you\nhave to jump on tubes. BAD LADDER! Spank!\nBut this one is good. Pats and hugs.","Escalera parecida a una bruja. Todo lo bueno de\nse conserva y, de hecho, puedes desmontarlo\nsin necesidad de tocar primero\nBethoven en tu teclado.\n*\n¡Esa maldita escalera en Route Canal en una habitación\nllena de explosivos y hacks! Donde\ntienes que saltar sobre tubos. ¡MALA ESCALERA! ¡Azotar!\nPero este es bueno. Palmaditas y abrazos.","Колдовская лестница. Все\nхорошие вещи сохраняются, и вы можете разобрать\nего, не играя предварительно\nБетховена на клавиатуре.\n*\nЭта чертова лестница на Рут-Канале в комнате\nполной взрывчатки и всякой всячины! Где вам\nприходится прыгать по трубам. ПЛОХАЯ ЛЕСТНИЦА! Шлепать!\nНо этот хорош. Похлопывает и обнимает."
"Speaker Name Color","Speaker Name Color","Color del nombre del altavoz","Имя динамика Цвет"
"Still nothing.","Still nothing.","Todavía nada.","Все равно ничего."
"Stop Trying","Stop Trying","deja de intentarlo","Хватит пытаться"
"SubViewports","SubViewports","Subventanas","Подэкраны просмотра"
"Subtitle BG Color","Subtitle BG Color","Subtítulo BG Color","Цвет фона субтитров"
"Subtitle BG Opacity","Subtitle BG Opacity","Opacidad del fondo de pantalla del subtítulo","Непрозрачность фона субтитров"
"Subtitle Size","Subtitle Size","Tamaño de subtítulo","Размер субтитров"
"Subtitle Text Color","Subtitle Text Color","Color del texto del subtítulo","Цвет текста субтитров"
"Suffering","Suffering","Sufrimiento","Страдания"
"THANKS\n---\nIgor Demchuk (New Game+) - moral support\nAntikranStudio - useful advice and links\nSergei Grach - improved NOCLIP\n","THANKS\n---\nIgor Demchuk (New Game+) - moral support\nAntikranStudio - useful advice and links\nSergei Grach - improved NOCLIP\n","GRACIAS\n---\nIgor Demchuk (Nuevo juego+) - apoyo moral\nAntikranStudio - consejos y enlaces útiles\nSergei Grach - NOCLIP mejorado","СПАСИБО\n---\nИгорь Демчук (Новая игра+) - моральная поддержка\nAntikranStudio - полезные советы и ссылки\nСергей Грач - улучшенный NOCLIP"
"THE VIP LOUNGE","THE VIP LOUNGE","LA SALA VIP","VIP-ЗАЛ"
"Teleport Destination. \nAlso looks like tripmines from\n KOTOR or Republic Commando. \n","Teleport Destination. \nAlso looks like tripmines from\n KOTOR or Republic Commando. \n","Destino del teletransporte.\nTambién parecen minas trampa de\nKOTOR o Republic Commando.","Пункт назначения телепортации.\nТакже похоже на мины из\nKOTOR или Republic Commando."
"Test Description","Test Description","Descripción de prueba","Тестовое описание"
"Text-to-Speech","Text-to-Speech","Texto a voz","Преобразование текста в речь"
"Texture Filtering","Texture Filtering","Filtrado de texturas","Фильтрация текстур"
"The Concept Gallery.\nRight now All of the images are either\nAI generated or first generated and then\nredrawn from hand\nas part of my 55th attempt to learn how to draw.\n***\nI'm aware of your attitude toward AI and I agree.\nClankers won't replace us!","The Concept Gallery.\nRight now All of the images are either\nAI generated or first generated and then\nredrawn from hand\nas part of my 55th attempt to learn how to draw.\n***\nI'm aware of your attitude toward AI and I agree.\nClankers won't replace us!","La galería conceptual.\nEn este momento Todas las imágenes son\ngeneradas por IA o generadas primero y luego\nredibujadas a mano\ncomo parte de mi intento número 55 de aprender a dibujar.\n***\nSoy consciente de su actitud hacia la IA y estoy de acuerdo.\n¡Los clankers no nos reemplazarán!","Концептуальная галерея.\nПрямо сейчас Все изображения либо\nсозданы искусственным интеллектом, либо сначала созданы, а затем\nперерисованы от руки\nв рамках моей 55-й попытки научиться рисовать.\n***\nЯ знаю о вашем отношении к ИИ и согласен.\nКланкеры нас не заменят!"
"The beginning of Level 3","The beginning of Level 3","El comienzo del nivel 3","Начало 3 уровня"
"The house of pain","The house of pain","La casa del dolor","Дом боли"
"The keypad test\nfind the password using the CCTV\ncamera.\nit's camera 1 just in case","The keypad test\nfind the password using the CCTV\ncamera.\nit's camera 1 just in case","La prueba del teclado\nencuentra la contraseña usando la cámara CCTV\n.\nes la cámara 1 por si acaso","Проверка клавиатуры\nпозволяет найти пароль с помощью камеры видеонаблюдения\n.\nна всякий случай камера 1"
"The kind of valve I always wanted in HL2. The company is\nLITERALLY called Valve but the\nvalves in HL2 are shit. I DON'T KNOW WHAT KIND OF AXIS\nIS THE RIGHT ONE!!!","The kind of valve I always wanted in HL2. The company is\nLITERALLY called Valve but the\nvalves in HL2 are shit. I DON'T KNOW WHAT KIND OF AXIS\nIS THE RIGHT ONE!!!","El tipo de válvula que siempre quise en HL2. La empresa se llama\nLITERALMENTE Valve, pero las válvulas\nen HL2 son una mierda. ¡¡¡NO SÉ QUÉ TIPO DE EJE\nES EL CORRECTO!!!","Тот тип клапана, который я всегда хотел в HL2. Компания\nБУКВАЛЬНО называется Valve, но\nклапаны в HL2 — дерьмо. Я НЕ ЗНАЮ, КАКАЯ ОСЬ\nТАКАЯ ПРАВИЛЬНАЯ!!!"
"The mysterious Masked Man who kidnapped us in Short Circuit.\n He's a master of disguise and explosives","The mysterious Masked Man who kidnapped us in Short Circuit.\n He's a master of disguise and explosives","El misterioso Enmascarado que nos secuestró en Cortocircuito.\nEs un maestro del disfraz y los explosivos.","Таинственный Человек в Маске, который похитил нас в коротком замыкании.\nОн мастер маскировки и взрывчатки."
"The new CEO wanted to rebrand the company for\n modern times and modern audiences. Now it looks something like that.\nPeckers are not welcomed!","The new CEO wanted to rebrand the company for\n modern times and modern audiences. Now it looks something like that.\nPeckers are not welcomed!","El nuevo director ejecutivo quería cambiar el nombre de la empresa para\ntiempos y audiencias modernas. Ahora se ve algo así.\n¡Los picotazos no son bienvenidos!","Новый генеральный директор хотел провести ребрендинг компании с учетом\nсовременности и современной аудитории. Сейчас это выглядит примерно так.\nПекеры не приветствуются!"
"The pool is now open","The pool is now open","La piscina ya está abierta.","Бассейн уже открыт"
"The water is completely broken  tho cuz I'm tired","The water is completely broken  tho cuz I'm tired","El agua está completamente rota aunque estoy cansado.","Вода полностью ушла, потому что я устал"
"There is nothing here. Go away!\nPress Q to noclip","There is nothing here. Go away!\nPress Q to noclip","No hay nada aquí. ¡Irse!\nPresiona Q para no recortar","Здесь ничего нет. Уходите!\nЧтобы отключить клип, нажмите Q."
"This button is useless.\n Just a test of the focus shader.","This button is useless.\n Just a test of the focus shader.","Este botón es inútil.\nSolo una prueba del sombreador de enfoque.","Эта кнопка бесполезна.\nПросто тест шейдера фокуса."
"This gate has an incredible\namount of glitches.\nProgramming is harder\nthan I anticipated.\n*\nNo pain - no gain\n and unfortunately for pain - I like pain. Let's see who\ngives up first this time, ya silly bitch!","This gate has an incredible\namount of glitches.\nProgramming is harder\nthan I anticipated.\n*\nNo pain - no gain\n and unfortunately for pain - I like pain. Let's see who\ngives up first this time, ya silly bitch!","Esta puerta tiene una increíble\ncantidad de fallos.\nProgramar es más difícil\nde lo que esperaba.\n*\nSin dolor, no hay ganancia\ny ​​desafortunadamente para el dolor, me gusta el dolor. ¡Veamos quién\nse rinde primero esta vez, perra tonta!","У этих ворот невероятное\nколичество глюков.\nПрограммирование оказалось сложнее\n, чем я ожидал.\n*\nНет боли – нет выгоды\nи, к сожалению, боль – я люблю боль. Посмотрим, кто\nсдастся первым на этот раз, глупая сука!"
"This is Bella. Will redraw with my own (left) hand later.\n","This is Bella. Will redraw with my own (left) hand later.\n","Esta es Bella. Volveré a dibujar con mi propia mano (izquierda) más tarde.","Это Белла. Позже перерисую своей (левой) рукой."
"This is a loop - the sequence\nstarts and ends in the same\nplace","This is a loop - the sequence\nstarts and ends in the same\nplace","Esto es un bucle: la secuencia\ncomienza y termina en el mismo\nlugar","Это цикл: последовательность\nначинается и заканчивается в одном и том же\nместе."
"This too is\na spiral","This too is\na spiral","Esto también es\nuna espiral","Это тоже\nспираль"
"Toggle Crouch","Toggle Crouch","Alternar agacharse","Переключить приседание"
"Toggle Sprint","Toggle Sprint","Alternar carrera","Переключить спринт"
"Tonemap","Tonemap","Mapa de tonos","Карта тонов"
"Traversal Color","Traversal Color","Color transversal","Цвет прохождения"
"Trigger Hurt - 25hp","Trigger Hurt - 25hp","Gatillo herido: 25 CV","Триггер Хурт - 25 л.с."
"Trigger Look\nStand in front of the text and then\nlook at the text","Trigger Look\nStand in front of the text and then\nlook at the text","Activar mirada\nPárese frente al texto y luego\nmire el texto","Триггерный взгляд\nВстаньте перед текстом, а затем\nпосмотрите на текст"
"Trigger heal - 25hp","Trigger heal - 25hp","Curación del gatillo - 25 hp","Триггерное лечение - 25 хп."
"U MONKE NOW! U-U-UU-U-U-!!!\nAAAAAAAAAAAAAAAAAAA!!!!!","U MONKE NOW! U-U-UU-U-U-!!!\nAAAAAAAAAAAAAAAAAAA!!!!!","¡U MONKE AHORA! U-U-UU-U-U-!!!\nAAAAAAAAAAAAAAAAAAA!!!!!","ТЫ МОНКЕ СЕЙЧАС! У-у-у-у-у-!!!\nААААААААААААААААА!!!!!"
"UI Scale","UI Scale","Escala de interfaz de usuario","Масштаб пользовательского интерфейса"
"Use NOCLIP (Q) if you get stuck.\nIt's a testbed of my gameplay mechanics, not an actual level.\nI will be building everything properly next time","Use NOCLIP (Q) if you get stuck.\nIt's a testbed of my gameplay mechanics, not an actual level.\nI will be building everything properly next time","Utilice NOCLIP (Q) si se queda atascado.\nEs un banco de pruebas de mis mecánicas de juego, no un nivel real.\nConstruiré todo correctamente la próxima vez","Используйте NOCLIP (Q), если вы застряли.\nЭто испытательный стенд моей игровой механики, а не реальный уровень.\nВ следующий раз все построю правильно"
"VSR","VSR","VSR","ВСР"
"VSync","VSync","sincronización virtual","вертикальная синхронизация"
"Vibration","Vibration","Vibración","Вибрация"
"Vision Assist","Vision Assist","Asistencia de visión","Vision Assist"
"Voice Volume","Voice Volume","Volumen de voz","Громкость голоса"
"WASD	  - move\nSPACE	  - jump\nCTRL    - crouch\nQ          - noclip\n~           - console\nE           - interact\nF           - flashlight\nZ           -zoom\nLeft Mouse Button - SHOOT!!! ","WASD	  - move\nSPACE	  - jump\nCTRL    - crouch\nQ          - noclip\n~           - console\nE           - interact\nF           - flashlight\nZ           -zoom\nLeft Mouse Button - SHOOT!!! ","WASD - moverse\nESPACIO - saltar\nCTRL - agacharse\nQ - noclip\n~ - consola\nE - interactuar\nF - linterna\nZ -zoom\nBotón izquierdo del mouse - ¡¡¡DISPARAR!!!","WASD – двигаться\nПРОБЕЛ – прыжок\nCTRL – приседать\nQ – noclip\n~ – консоль\nE – взаимодействовать\nF – фонарик\nZ – масштабировать\nЛевая кнопка мыши – СТРЕЛЯТЬ!!!"
"WEEEEEEEEEEEEEEEEEEEEEEEEEEEEEEEEEEEEEEEEEEEEEEEEEEEEEEEEEEEEEEEEEEEEEEEEEEEEEEEEEEEEEEEEEEEEEEEEEEEEEEEEEEEEEEEEEEEEEEEEEEEEEEEEEEEEEEEEEEEEEEEEEEEEEEEEEEEEEEEEEEEEEEEEEEEEEEEEEEEEEEEEEEEEEEEEEEEEEEEEEEEEEEEEEEEEEEEEEEEEEEEEEEEEEEEEEEEEEEEEEEEEEEEEEEEEEEEEEEEEEEEEEEEEEEEEEEEEEEEEEEEEEEEEEEEEEE!!!","WEEEEEEEEEEEEEEEEEEEEEEEEEEEEEEEEEEEEEEEEEEEEEEEEEEEEEEEEEEEEEEEEEEEEEEEEEEEEEEEEEEEEEEEEEEEEEEEEEEEEEEEEEEEEEEEEEEEEEEEEEEEEEEEEEEEEEEEEEEEEEEEEEEEEEEEEEEEEEEEEEEEEEEEEEEEEEEEEEEEEEEEEEEEEEEEEEEEEEEEEEEEEEEEEEEEEEEEEEEEEEEEEEEEEEEEEEEEEEEEEEEEEEEEEEEEEEEEEEEEEEEEEEEEEEEEEEEEEEEEEEEEEEEEEEEEEEE!!!","Weeeeeeeeeeeeeeeeeeeeeeeeeeeeeeeeeeeeeeeeeeeeeeeeeeeeeeeeeeeeeeeeeeeeeeeeeeeeeeeeeeeeeeeeeeeeeeeeeeeeeeeeeeeeeeeeeeeeeeeeeeeeeeeeeeeeeee ¡¡¡EEEEEEEEEEEEEEEEEEEEEEEEEEEEEEEEEEEEEEEEEEEEEEEEEEEEEEEEEEEEEEEEEEEEEEEEEEEEEEEEEEEEEEEEEEEEEEEEEEEEEEEEEEEEEEEEEEEEEEEEEEEEEEEEEEEE!!!","Вааааааааааааааааааааааааааааааааааааааааааааааааааааааааааааааааааааааааааааааааааааааааааааааааааааааааааааааааааааааааааааааааааааааааааааааааааааа ЭАААААААААААААААААААААААААААААААААААААААААААААААААААААААААААААААААААААААААААА!!!"
"WELCOME! Welcome to BellaSDK hub!\nYou have chosen or been chosen to try this\nAI generated slop.\n\nThe goal is to democratize game development\nand help noobs quickly learn the basics of GD and LD.\n***\nTrue HL3 can only be made by US\n-\nTHE PEOPLE!","WELCOME! Welcome to BellaSDK hub!\nYou have chosen or been chosen to try this\nAI generated slop.\n\nThe goal is to democratize game development\nand help noobs quickly learn the basics of GD and LD.\n***\nTrue HL3 can only be made by US\n-\nTHE PEOPLE!","¡BIENVENIDO! ¡Bienvenido al centro BellaSDK!\nHas elegido o has sido elegido para probar esta\nbasura generada por IA.\n\nEl objetivo es democratizar el desarrollo de juegos\ny ​​ayudar a los novatos a aprender rápidamente los conceptos básicos de GD y LD.\n***\nEl verdadero HL3 solo puede ser fabricado por EE. UU.\n-\n¡LA GENTE!","ДОБРО ПОЖАЛОВАТЬ! Добро пожаловать в хаб BellaSDK!\nВы выбрали или были выбраны, чтобы попробовать эту\nпомойку, созданную ИИ.\n\nЦель — демократизировать разработку игр\nи помочь новичкам быстро освоить основы GD и LD.\n***\nНастоящий HL3 могут создать только НАС\n-\nЛЮДИ!"
"Wanna swim?","Wanna swim?","¿Quieres nadar?","Хочешь поплавать?"
"Water Cube test.\n I want that Splinter Cell aquarium\n back in mah gaemz!\nShoot its sides and then its bottom to see what would happen.\nNEAT!","Water Cube test.\n I want that Splinter Cell aquarium\n back in mah gaemz!\nShoot its sides and then its bottom to see what would happen.\nNEAT!","Prueba del cubo de agua.\n¡Quiero ese acuario Splinter Cell\nde vuelta en mah gaemz!\nDispara a sus lados y luego a su parte inferior para ver qué sucede.\n¡GENIAL!","Тест «Водяной куб».\nЯ хочу, чтобы аквариум Splinter Cell\nвернулся в Ма-Гэмз!\nПрострелите его по бокам, а затем по низу и посмотрите, что произойдет.\nАККУРАТНО!"
"What are you looking for?\nSome meaning of life?\nMovement is life/fundamental property\nof all matter.\nThere is no end to our work.\nWe will always be unsatisfied\nwith the current state of things.\nKeep grinding while you breathe.\nFake it till you make it\nand when you make it -\n""The black belt represents not\nthe end, but the beginning, the\nstart of a never-ending journey\nof discipline, work and the pursuit of an ever-higher\nstandard.”","What are you looking for?\nSome meaning of life?\nMovement is life/fundamental property\nof all matter.\nThere is no end to our work.\nWe will always be unsatisfied\nwith the current state of things.\nKeep grinding while you breathe.\nFake it till you make it\nand when you make it -\n""The black belt represents not\nthe end, but the beginning, the\nstart of a never-ending journey\nof discipline, work and the pursuit of an ever-higher\nstandard.”","¿Qué estás buscando?\n¿Algún sentido de la vida?\nEl movimiento es vida/propiedad fundamental\nde toda la materia.\nNuestro trabajo no tiene fin.\nSiempre estaremos insatisfechos\ncon el estado actual de las cosas.\nSigue moliendo mientras respiras.\nFinge hasta que lo logres\ny ​​cuando lo logres -\n""El cinturón negro no representa\nel final, sino el comienzo, el\ncomienzo de un viaje sin fin\nde disciplina, trabajo y la búsqueda de un estándar\ncada vez más alto"".","Что Вы ищете?\nКакой-то смысл жизни?\nДвижение – это жизнь/фундаментальное свойство\nвсей материи.\nНашей работе нет конца.\nМы всегда будем недовольны\nтекущим положением вещей.\nПродолжайте работать, пока дышите.\nПритворяйтесь, пока не добьетесь успеха\n, а когда вы это сделаете -\n""Черный пояс — это не\nконец, а начало,\nначало бесконечного пути\nдисциплины, труда и стремления к все более высоким\nстандартам""."
"What did I tell you?!\nYa silly goose","What did I tell you?!\nYa silly goose","¡¿Qué te dije?!\nGanso tonto","Что я тебе говорил?!\nГлупый гусь"
"Wireframe Off","Wireframe Off","Estructura alámbrica desactivada","Каркас выключен"
"Wireframe Overlay Off","Wireframe Overlay Off","Superposición de estructura alámbrica desactivada","Наложение каркаса выключено"
"Written by Neil Druckmann\nCo-writer - Sam Lake\nTested by Phil Fish","Written by Neil Druckmann\nCo-writer - Sam Lake\nTested by Phil Fish","Escrito por Neil Druckmann\nCoguionista: Sam Lake\nProbado por Phil Fish","Написано Нилом Дракманном\nСоавтор сценария – Сэм Лейк\nПроверено Филом Фишем"
"Yes, you can break the game here. Congrats.\nMetrics and item placement is a lot harder than I thought.\nAre you happy now?","Yes, you can break the game here. Congrats.\nMetrics and item placement is a lot harder than I thought.\nAre you happy now?","Sí, puedes romper el juego aquí. Felicitaciones.\nLas métricas y la ubicación de los elementos son mucho más difíciles de lo que pensaba.\n¿Estás feliz ahora?","Да, здесь можно сломать игру. Поздравляю.\nМетрики и размещение элементов оказались намного сложнее, чем я думал.\nТеперь ты счастлив?"
"You can climb up and slide down.","You can climb up and slide down.","Puedes subir y deslizarte hacia abajo.","Вы можете подняться и скатиться вниз."
"You can... or can you?\n(I don't remember what I wanted to do with this box)\nCan you move? Interact? Punch?\nAnyway, just leave it be.\nIt's a bad box. We don't like him.","You can... or can you?\n(I don't remember what I wanted to do with this box)\nCan you move? Interact? Punch?\nAnyway, just leave it be.\nIt's a bad box. We don't like him.","Puedes... ¿o puedes?\n(No recuerdo qué quería hacer con este cuadro)\n¿Puedes moverte? ¿Interactuar? ¿Puñetazo?\nDe todos modos, déjalo así.\nEs una caja defectuosa. No nos gusta.","Ты можешь... или можешь?\n(не помню, что я хотел сделать с этой коробкой)\nТы можешь двигаться? Взаимодействовать? Ударить кулаком?\nВ любом случае, оставьте это как есть.\nЭто плохая коробка. Он нам не нравится."
"You're now free to explore.\nBut I still recommend you to go to\nthe left first so I can show you all\nthe movement mechanics.\n*\nPress Z to zoom","You're now free to explore.\nBut I still recommend you to go to\nthe left first so I can show you all\nthe movement mechanics.\n*\nPress Z to zoom","Ahora eres libre de explorar.\nPero aun así te recomiendo que vayas primero a\na la izquierda para poder mostrarles a todos\nla mecánica de movimiento.\n*\nPresione Z para hacer zoom","Теперь вы можете свободно исследовать.\nНо я все равно рекомендую вам сначала пойти\nслева, чтобы я мог показать вам всем\nмеханику движения.\n*\nЧтобы увеличить масштаб, нажмите Z."
"[E]","[E]","[E]","[E]"
"[E] to grab","[E] to grab","[E] para agarrar","[E], чтобы захватить"
"^","^","^","^"
"password is 0451","password is 0451","la contraseña es 0451","пароль 0451"
"text","text","texto","текст"
"v","v","v","в"
